name,url
VAPE IT STORE II,https://jportal.mdcourts.gov/license/pbLicenseDetail.jsp?owi=f%2BsddcB5HUg%3D
VAPE IT STORE I,https://jportal.mdcourts.gov/license/pbLicenseDetail.jsp?owi=hd16%2FMlSywY%3D
VAPEPAD THE,https://jportal.mdcourts.gov/license/pbLicenseDetail.jsp?owi=NCu8FCWKg%2F0%3D
VAPE FROG,https://jportal.mdcourts.gov/license/pbLicenseDetail.jsp?owi=NCu8FCWKg%2F0%3D
VAPE FROG,https://jportal.mdcourts.gov/license/pbLicenseDetail.jsp?owi=NCu8FCWKg%2F0%3D
VAPE LOFT THE,https://jportal.mdcourts.gov/license/pbLicenseDetail.jsp?owi=2fGFYnVSDG8%3D
VAPE N CIGAR,https://jportal.mdcourts.gov/license/pbLicenseDetail.jsp?owi=27KIBOiteCg%3D
VAPE DOJO,https://jportal.mdcourts.gov/license/pbLicenseDetail.jsp?owi=hUiUssXzVt4%3D
VAPE HAVEN,https://jportal.mdcourts.gov/license/pbLicenseDetail.jsp?owi=hUiUssXzVt4%3D
VAPORS LOUNGE,https://jportal.mdcourts.gov/license/pbLicenseDetail.jsp?owi=hUiUssXzVt4%3D
VAPORFI SOUTHSIDE,https://jportal.mdcourts.gov/license/pbLicenseDetail.jsp?owi=9Z4p1nLTcqA%3D
VAPE DO JO,https://jportal.mdcourts.gov/license/pbLicenseDetail.jsp?owi=V%2BNcJ6eDT70%3D
VAPERTETMD,https://jportal.mdcourts.gov/license/pbLicenseDetail.jsp?owi=V%2BNcJ6eDT70%3D
VAPERTEKMD,https://jportal.mdcourts.gov/license/pbLicenseDetail.jsp?owi=3y9Jn6t8h3k%3D
VAPORIOT,https://jportal.mdcourts.gov/license/pbLicenseDetail.jsp?owi=3y9Jn6t8h3k%3D
VAPE PLUS,https://jportal.mdcourts.gov/license/pbLicenseDetail.jsp?owi=uC1qnzYGsPs%3D
VAPE SOCIAL,https://jportal.mdcourts.gov/license/pbLicenseDetail.jsp?owi=oAUFcmxbXEw%3D
VAPE JUNGLE,https://jportal.mdcourts.gov/license/pbLicenseDetail.jsp?owi=li%2FktUsBMeY%3D
VAPE TIME,https://jportal.mdcourts.gov/license/pbLicenseDetail.jsp?owi=li%2FktUsBMeY%3D
VAPEBAR EXPESS,https://jportal.mdcourts.gov/license/pbLicenseDetail.jsp?owi=li%2FktUsBMeY%3D
VAPEWERKS,https://jportal.mdcourts.gov/license/pbLicenseDetail.jsp?owi=xdcIF5kubCI%3D
VAPIST MD,https://jportal.mdcourts.gov/license/pbLicenseDetail.jsp?owi=v%2FqjwysBfnk%3D
VAPOR 99,https://jportal.mdcourts.gov/license/pbLicenseDetail.jsp?owi=v%2FqjwysBfnk%3D
VAPOR ALLEY,https://jportal.mdcourts.gov/license/pbLicenseDetail.jsp?owi=OVetF2tnM24%3D
VAPOR EMPORIUM,https://jportal.mdcourts.gov/license/pbLicenseDetail.jsp?owi=oiU5q%2FuyPXs%3D
VAPOR VILLA,https://jportal.mdcourts.gov/license/pbLicenseDetail.jsp?owi=AxBzVWyKaKY%3D
VAPOR VILLA,https://jportal.mdcourts.gov/license/pbLicenseDetail.jsp?owi=d81%2FjtafVIA%3D
VAPORS LOUNGE,https://jportal.mdcourts.gov/license/pbLicenseDetail.jsp?owi=arCkRVPzAA0%3D
VAPE DOJO,https://jportal.mdcourts.gov/license/pbLicenseDetail.jsp?owi=PBazq%2FJ2%2Fwk%3D
VAPE DOJO,https://jportal.mdcourts.gov/license/pbLicenseDetail.jsp?owi=UZqCGEH62UI%3D
VAPE DOJO,https://jportal.mdcourts.gov/license/pbLicenseDetail.jsp?owi=0Qf%2FvQXkCqo%3D
VAPE DOJO,https://jportal.mdcourts.gov/license/pbLicenseDetail.jsp?owi=PdxdQ%2Bllf8A%3D
VAPEZ YARDHOUSE,https://jportal.mdcourts.gov/license/pbLicenseDetail.jsp?owi=PdxdQ%2Bllf8A%3D
VAPERS RING,https://jportal.mdcourts.gov/license/pbLicenseDetail.jsp?owi=jBJnjA4s7y4%3D
